账户ID,2022-08-08至2022-08-21充值金额-元
147876599,116970
146589775,106200
145805779,85062
149746267,82992
151382056,71500
141558741,67512
150753367,67000
145413664,66342
150279955,59561
108031601,56600
145798765,54592
147154726,51000.7
147365181,47505
149970021,46610
148361637,41917
148800146,40178
150865132,40000
144899487,38674
150935709,38512
151476326,36877
107805724,35950
149966224,35502.4
145280062,34992
147190428,33100
151574965,29604
149760593,28912
148533537,27220
147896217,27100
140614701,27069
142624844,26500
142858501,26464
107792304,26012
148207368,25812
151328215,25400
151458431,25118
151311065,25113
147030904,23471
147631040,22342
150401747,21600
150598246,21500
151392789,21189.4
151243556,20916
146615467,20842
151577468,20229
141551928,20179
142398460,19740
147920659,19300
149749815,19224
145086379,19091
141032715,19000
148800456,18518
149428604,18482
145545142,18420
149619546,18404
137330473,18303
148306337,18172
150753514,17500
147180371,17197
150772397,16636
147167531,16392
141275742,16248
147213556,15800
150533358,15600
150940435,15436
151193572,15431
149345592,15100
150493545,14989
151857577,14736
138488462,14551
144901931,14372
145912218,14361
148066911,14175
149219580,13846
148465706,13760
107904957,13730
148292338,13714
150754626,13400
150889413,13300
108069336,13286
151165042,13218
141151146,13150
108241254,13016
148608209,12930
150173362,12509
141197168,12280
149458995,12233
150125211,12174
136871916,12101
146025732,12000
150360822,11990
150290889,11802.7
144754762,11472
145292278,11361
145840747,11328
149756214,11090
151435572,11000
151258957,10880
149846183,10822
151627594,10822
151124309,10800
150928537,10723
150797639,10653
146504305,10600
147645769,10474
149621512,10420
148056677,10396
108394055,10210
151509435,10206
148045482,10130
150646578,10095
107814245,10000
150450821,10000
149839783,9954
145413269,9850
151669701,9824
150919631,9790
113728930,9780
109902622,9742
147664088,9639
142757342,9518
151502295,9462
144651648,9443.5
150853494,9400
150597195,9390
142901952,9305
147261776,9133
149073536,9104
148823300,9056
149116078,9006
150171454,8810
151576957,8782
148407273,8778
151607055,8756
149089277,8710
145399965,8710
151544709,8665
148575917,8660
151330512,8645
148332964,8628
150292209,8600
148325803,8450
151253828,8444
147280401,8433
148278251,8396
151630559,8368
147882179,8278
150018707,8212
149850947,8210
143235041,8168
151266661,8101
140665748,7951
149821006,7886
142169146,7860
139168598,7849
151333767,7710
151109128,7694
142862264,7678
150402913,7602
152015848,7584
141617506,7539
150338098,7466
148018648,7427
146700067,7400
148319965,7380
150988767,7319
148895685,7198
151515465,7138
150074955,7037
119166292,7000
147048883,7000
148120466,6864
142545517,6860.7
146670797,6845
148127574,6810
151519845,6806
150293095,6710
151155273,6679
143307329,6610
150234054,6606
144740363,6590
148505683,6567
144362739,6552
150894236,6547
148507940,6480.3
151321452,6393
150450453,6350
144596052,6300
131550394,6276
151734510,6274
145579494,6232
136161616,6212
151814504,6210
151170763,6200
150980471,6192
151360156,6190
151106276,6141
146112377,6102
146913645,6100
146021691,6100
149552104,6069
145496451,6048
150987795,6032
148684153,6020
150372583,6016
147493355,6010
151600464,6000
149010205,6000
147424204,5922
133520846,5880
148541232,5838
142523298,5710
128165032,5673
151681272,5673
151217690,5657
141894952,5647
150607776,5630
146667426,5596
141309575,5587
107839705,5546
149179769,5516
146115608,5480
146114577,5469
148289545,5466
148524824,5458.9
145972147,5410
147783448,5380
150697860,5340
144427089,5316
149819859,5311
151805395,5297
148082805,5290
108157081,5276
150014160,5260
151586034,5256
150164501,5250
147131755,5231
149959375,5218
148576384,5203
142452568,5189
146129063,5174
140688347,5169
150020600,5160
151434838,5130
151589663,5120
151319215,5110
148343923,5100
151396913,5100
148532612,5100
149384389,5100
136652536,5090
146068078,5088
151633324,5063
141144887,5061
147966404,5057
145966216,5050
147061089,5036
148782299,5023
151163268,5003
146667597,5000
149632332,5000
133445564,5000
138058864,4979
149862627,4966
151260435,4943
149081161,4935
137508820,4930
144945475,4890
151691179,4888
150530654,4875
145413249,4857
150641358,4840
149440662,4771
142899868,4762
125438890,4750
142290636,4750
147391689,4712
151844883,4700
139291053,4696
148614668,4692
108226993,4675
148003924,4651
150934352,4610
136407023,4596
140442960,4585
146154369,4550
137566248,4548
137291636,4491
151481052,4480
140735291,4456
151098051,4450
146907147,4436
142665772,4416
151153228,4416
142149469,4383
151653572,4364
151287090,4364
150431671,4334
149253268,4329
149059237,4325
148261977,4300
145067909,4260
151135873,4253
119158136,4238
151192068,4216
144052212,4209
151202220,4208.4
145719147,4200
145873895,4182
107917497,4106
150510529,4101
144865227,4080
142741193,4080
150326092,4072
151485010,4070
151898730,4061
149957612,4060
133162579,4036
150846264,4032
147920208,4030
151683537,4028
150917183,4018
139637747,4008
151394076,4006
150643011,4002
142401517,3994
144363707,3990
151639042,3983
150396456,3962
147594420,3960
147031984,3940
150789623,3934
149071018,3920
144421602,3918
108041700,3910
147520519,3890
145818231,3888
139811081,3866
151730205,3860
149437776,3848
148625750,3838
142600430,3800
151299055,3770
149418248,3750
143352569,3708
147050115,3706
151389501,3669
130700372,3657
151478135,3640
151290689,3632.2
146644862,3627
140919060,3600
148448864,3594
136376172,3580
148053053,3556
148790902,3550
151581641,3543
138135296,3536
144976309,3510
151780782,3500
140054346,3500
141102883,3500
151563307,3492
151649157,3490
145413232,3490
149032109,3474
148374954,3462
151638919,3461
141631887,3456
145753088,3450
143385457,3449
149122106,3445
149605930,3436
151464470,3423
149626805,3420
146587258,3418
151577850,3407
148871198,3399
149466435,3382
108124491,3344
151484138,3340
151392567,3338
118705325,3329
149654439,3312
150268851,3307
147493478,3304
150967927,3300
151185904,3300
107814171,3292
149255131,3270
148601049,3250
145712075,3237
140568477,3230
148485764,3224
147137597,3220
151823040,3208
148612088,3201
140053600,3200
151820263,3200
145678719,3198
144456855,3196
137284755,3194
143563357,3192
151159700,3186
147228353,3180
149727717,3180
150893320,3176
123024962,3167
123150223,3162
149901605,3157
151273552,3138
145332534,3138
150692928,3106
123841419,3100
141633231,3089
144035871,3081
140632951,3070
145348972,3070
146737782,3066
139735036,3050
151464155,3041
151481813,3038
144647648,3030
147092725,3030
145864849,3016
151153511,3012
151239198,3011
147196069,3010
149759263,3004
151447320,3000
151348283,2999
151433041,2996
145337318,2989
151861219,2988
151644927,2985
149622019,2980
151575288,2974.7
149842350,2963
149351012,2940
148986979,2940
150651074,2938
145458735,2934
142225413,2918
149078289,2916
108572096,2912
150072806,2912
149100264,2912
147122455,2907
149350726,2902
146142343,2890
149366350,2889
151592115,2885.9
150232005,2879
142485259,2873
151190952,2871
145188374,2869
146671628,2860
148064530,2851
148795508,2846
151724528,2830
151549766,2819
150211304,2818
151762633,2803.4
151432537,2802
148668191,2800
145145435,2796
148494596,2787
143825568,2786
148580760,2766
150900892,2764
108377071,2760
139560224,2756
146274470,2750
150853218,2747
120169080,2744
149630613,2738
149349193,2735
151447259,2726
147220923,2700
108696195,2692
141515481,2682
151954494,2670
148285998,2666
149965236,2654
144476629,2650
149637496,2649
151779018,2648
151569833,2646
151645195,2640
148100532,2639
151778850,2636
151261483,2630
146176509,2619
150912995,2608
151452122,2600
144839628,2584
151317341,2582
146676711,2578
149516413,2576
151946559,2575
151826533,2574
147738737,2566
149577166,2556
147020225,2554
151397717,2546
149044680,2545
124267272,2542
147292215,2542
120765399,2540
151982102,2535
148141249,2530
151223424,2518
147017580,2512
151421587,2509
149443553,2506
150815758,2500
151380178,2500
151837382,2500
150131645,2500
146193647,2500
151714532,2500
151977149,2500
151825130,2496
148800229,2496
141334945,2492
149897643,2488
151659394,2478
151775838,2460
147862383,2456
146146991,2451
149119361,2450
151243498,2444
151786772,2433
149973106,2424
151205651,2417
119162995,2412
145919791,2410
146832933,2410
136036462,2404
151003367,2366
150452443,2366
151667485,2363
146733030,2353
151468399,2352
145127696,2342
139162770,2342
143312296,2330
142107611,2327
149715173,2318
107817221,2302
145849809,2300
151630624,2297
151663561,2286
150399052,2283
147898032,2276
149827305,2270
150296325,2263
143668468,2260
142788799,2258
149714296,2258
142379077,2258
148615870,2252
147005014,2250
150536671,2250
147600461,2249
141528299,2247
151313438,2246
109947581,2246
151474378,2242
148619475,2242
139727432,2233
146491911,2232
143122974,2205
145965064,2201
151519011,2200
148052263,2200
149859376,2200
144940159,2200
149908761,2200
147051692,2199
151590974,2196
149331497,2195
149752670,2186
145010302,2184
151043882,2182
151393423,2180
147877164,2180
151107331,2174
129342624,2171
145873979,2163
151577541,2163
151793058,2160
148015910,2143
151788852,2140
150609307,2140
151233661,2135
151141328,2132
107781076,2130
151932809,2130
150738871,2130
144174316,2128
128188063,2118
151848676,2110
151348892,2110
145140681,2109
145672297,2108
147387945,2106
150844913,2101.4
150609982,2100
149181778,2100
151921574,2100
145663313,2088
141821534,2086
148558603,2069
151647344,2067
129872816,2067
150601765,2063
119268971,2060
151250864,2060
146032390,2055
151409636,2053
144979215,2050
140736268,2050
145345376,2043
151439287,2030
151894722,2028
150492401,2026
151124266,2025.7
145372877,2025
151047129,2021
142021335,2020
134305868,2017
150254658,2014
141151198,2012
145633344,2012
146918092,2012
148171976,2007
148359863,2006
148275478,2002
108549222,2001
151400226,2000
151442426,2000
137308892,2000
150907359,2000
149698621,2000
150259823,1996
144035928,1975
150556824,1973
143225684,1970
150712326,1970
145139976,1968
148980810,1960
141145859,1960
125035851,1958
151536051,1958
151130307,1957
150284714,1953
132978816,1950
147926612,1946
151899810,1944
150397801,1943
138984813,1943
144289780,1936
147103496,1932
150016837,1930
108043167,1930
151044420,1930
141500576,1928
151630996,1927
148753403,1919
151168290,1919
150023427,1918
148114345,1917
149757367,1912
144365853,1912
148350588,1902
147471998,1900
151686080,1890
145677488,1887
149787618,1882
150784014,1870
150020205,1866
151399066,1865
148585872,1862
121459544,1861
143639395,1860
151690596,1856
150832096,1856
135110831,1856
151465662,1853
151731626,1851
151419085,1850
143950699,1850
145576085,1830
150087021,1830
143524278,1830
151439791,1822.7
150740115,1822
151675802,1816
145245250,1811
151482829,1810
145914303,1810
150897553,1810
151029307,1810
151213287,1808
150893831,1808
144296818,1807
147971115,1802
146389720,1800
151291633,1800
147752258,1800
148058380,1800
151444325,1800
151717486,1800
137146269,1798
146668040,1792
151735190,1787
151091566,1785
151748709,1784
123226124,1780
151155145,1775
150757827,1773
151580798,1770
148694091,1768
149750686,1763
140636132,1760
147004763,1760
149278091,1751
148322004,1749
139539960,1744
150763982,1743
145986261,1736
136733325,1731
151975411,1730
144990283,1730
145119313,1730
151928926,1730
142136080,1726
150511403,1724
147656125,1722
149844197,1707.4
118687631,1704
149804240,1701
135838106,1700
136932310,1700
145322581,1700
149971214,1693
148383560,1692
151474332,1692
151645060,1688
147450970,1682
136513560,1680
149154685,1678
149418633,1674
151479206,1670
107879837,1664
143219304,1662
149102304,1660
148250304,1660
151871054,1656
147444837,1651
149608936,1650
146877874,1650
151894531,1650
147926299,1650
151395854,1647
144391965,1646
151192084,1646
151773423,1641
123454805,1637
147592597,1630
146108704,1625
148408592,1620
143994687,1620
151430390,1616
151241534,1616
150071815,1616
151746549,1607
151147770,1601
150400958,1600
123179293,1600
151353588,1600
151488219,1600
150177397,1600
144226280,1600
120178300,1600
151646264,1590
151435635,1580
108151979,1580
151583853,1578
145097191,1577
138530668,1577
150472192,1572
147840682,1570
150394521,1570
151243751,1566
142844190,1560
151544431,1560
138504596,1560
137995109,1556
144749235,1556
148146152,1552
148288205,1546
151416252,1544
151977326,1542
112001557,1542
136522651,1540
150284327,1538
147484847,1537
147257329,1530
151856308,1530
140756323,1526
148699287,1526
150320270,1524
145405495,1522
149476073,1520
150473135,1517
147768699,1516
151428672,1512
149917828,1510
146545492,1510
151839240,1510
138660341,1509
149618450,1506
151895202,1504
151432532,1503
151580916,1502
147408649,1500
147415177,1500
142434139,1500
151777916,1500
144717547,1500
119201667,1500
141501270,1500
146269489,1494
139166140,1481
148132806,1481
149751130,1480
151479366,1476
146624129,1475
151418811,1472
151409571,1468
143099812,1466
147262761,1460
151178204,1460
141029905,1458
150157958,1456
149620750,1456
150851913,1455
142617295,1452
142184693,1452
151257711,1450
140585791,1449
150898776,1444
139068660,1442
149669927,1440
137287650,1440
148833741,1436
150294678,1435
150598256,1432
143115740,1432
141274838,1430
150096433,1430
142447212,1430
148578299,1430
144792012,1430
150037811,1430
148357108,1428
119220030,1427
151605641,1426
146433547,1420
148608324,1420
151452034,1420
145533758,1416
151324998,1414
151817455,1412
143304557,1410
149772633,1410
119366688,1410
149529012,1409
150537459,1406
151452635,1400
144547433,1400
146446634,1400
137510635,1400
151898752,1400
151753502,1390
147156315,1390
147382479,1390
145762193,1390
146191284,1389
151636518,1388
146602351,1383
139951896,1382
151251646,1380
147218727,1380
120465292,1378
151943965,1377
151426415,1375
140068708,1373
148856233,1372
146685156,1370
151522264,1366
149621857,1366
147623788,1365
141017059,1363
139253028,1360
149367065,1360
147682996,1359
141150744,1350
151155113,1350
151347349,1350
151816229,1350
149880377,1350
143095937,1349
148934373,1344
150971193,1342
151733218,1342
145973326,1340
145845908,1340
151898428,1340
151743370,1339
151466755,1338
140687273,1334
149669758,1333
141272977,1332
146163208,1330
149045249,1330
151820928,1330
146152422,1327
149709533,1321
142991452,1320
147150675,1320
148775282,1320
135987877,1316
151731891,1316
143341551,1314
151690577,1314
150760052,1314
139933172,1314
142261602,1312
144031105,1312
149306535,1311
145530693,1310
148357832,1307
148630711,1306
151533312,1306
148285422,1306
150582017,1304
151735464,1304
147483740,1304
149105105,1301
118954921,1300
150153989,1300
149600289,1300
128548572,1300
149576930,1300
108109071,1300
148421221,1300
150970993,1299
146767870,1299
148110260,1298
151064335,1293
149497094,1292
151236282,1292
143508517,1290
150812249,1282
147591511,1281
149070086,1279
146014974,1279
148222109,1278
149312885,1278
142248097,1275
151988926,1271
151118992,1268
151154668,1266
150635689,1266
149293060,1264
151871507,1260
133087675,1260
107815591,1260
130969903,1256
151587488,1256
142799018,1256
151012898,1254
118931878,1251
108024213,1251
148449145,1250
146778949,1250
151166061,1250
148386364,1247
151777914,1243
150778631,1242
151508793,1237
151194991,1236
150414565,1235
151443145,1231
151435976,1230
151825645,1230
130665212,1230
139255671,1228
150531561,1226
151240399,1224
147424542,1220
151515781,1220
148646753,1220
151150136,1217
147307942,1217
148304036,1216
149406856,1215.9
108185217,1210
151596594,1204
133408217,1201
150117730,1201
148556325,1200
139514722,1200
151648329,1200
146632363,1200
151665738,1200
139335282,1200
107970875,1200
151409690,1200
149909989,1200
151478964,1196
148599044,1196
151361045,1190
150753090,1190
148083728,1186
143272487,1182
146950438,1181
149475719,1180
151586137,1178
151825619,1176
151632453,1173
146098811,1172
149028498,1171
149381798,1169
151433215,1165
151641034,1164
151638856,1163
141503998,1160
140718406,1158
107936065,1156
151437239,1155
150485117,1154
148711309,1154
151241990,1151
149425313,1150
146310446,1150
150409778,1148
147236774,1145
144122585,1144
141688005,1144
149037953,1142
151037267,1142
143214695,1140
151973520,1138
145879554,1137
150919560,1136
147689754,1132
149625220,1130
148280336,1130
151463677,1130
151760650,1130
138093709,1130
151382482,1126
149936109,1123
149073409,1123
147839520,1122
147162523,1121
151627300,1118
150290917,1118
151797410,1116
151791718,1116
151691754,1112
148331610,1112
151265118,1110
151245015,1110
150847146,1110
151198978,1110
151788285,1108
151774609,1101
146099691,1100
152005973,1100
147137687,1100
150891947,1100
149310462,1100
150113158,1100
149860410,1100
120424945,1100
151906060,1100
149669623,1098
151635701,1098
151671762,1097
151778997,1096
130242348,1093
108768092,1091
151939591,1091
151297701,1090
150715966,1090
108080433,1089
150376794,1086
108644804,1086
140028067,1086
149698093,1082
140737351,1080
151824292,1080
146159462,1078
146652092,1076
108023332,1075
148644528,1074
143033517,1070
150755597,1070
151674162,1070
151809792,1070
151767170,1069
151850135,1067
148994772,1066
134206089,1066
147250817,1064
135598877,1062
148759602,1062
146191357,1062
151666029,1060
151605261,1060
143100804,1060
150694742,1060
149747494,1056
141373371,1056
151893986,1055
148141670,1054
145813674,1054
146815825,1050
151466642,1050
147404534,1050
151665113,1050
148698345,1050
141410004,1048
151798486,1048
151902632,1047
148628408,1046
147134671,1046
151417727,1045
151239409,1043
148608204,1042
151332511,1041
151616643,1040
151629887,1040
151861575,1040
151633769,1038
145595116,1038
151279573,1036
150575769,1034
150775425,1031
151632794,1031
145900441,1030
107780148,1030
147765249,1030
150577753,1030
147864347,1030
151625824,1030
152021524,1030
151490823,1026
151690640,1024
151528385,1023
151513238,1022
151238663,1022
151310982,1022
151855582,1020
151551903,1020
151437552,1020
142642534,1017
151811900,1016
151945939,1016
151635661,1012
151898708,1010
151528581,1010
151234143,1010
151215446,1010
151936115,1010
137236189,1010
149174671,1010
151851045,1008
151452049,1008
151526002,1006
151580409,1006
147742763,1006
151502091,1002
146086427,1001
151813080,1001
151862991,1000
151985667,1000
151719274,1000
151614976,1000
151461408,1000
151627302,1000
142254620,1000
151143143,1000
151984711,1000
151938295,1000
151667081,1000
151383764,1000
151846539,1000
148625054,1000
151408578,1000
151677425,1000
151806624,1000
144736499,1000
152019972,1000
151521125,1000
151486644,1000
148119926,1000
151425014,1000
151420101,1000
148090493,1000
145579607,1000
145379181,1000
151678800,1000
152024866,1000
151567106,1000
151925241,1000
146534134,1000
151898353,1000
151239778,1000
135602993,1000
151981754,1000
144181798,996
151875929,993
148296013,991
151814241,986
151769640,986
148047581,980
151686120,980
151811703,976
151379857,976
146033176,975.8
151777609,973
132113258,972
150448778,970
145389005,970
146987875,970
150846585,969
151403815,962
150173086,961
148528231,958
151944560,956
147852059,954
149476286,953
149074471,950
145463473,950
148115902,950
151483288,950
151828339,942
151471328,942
145626797,940
143299423,940
108565681,940
142470093,940
146132583,940
137680376,936
142395509,931
150928131,931
107809286,931
118988705,930
151521757,930
151795644,930
151987685,928
151574900,928
138496162,927
149073691,927
151332961,927
149029913,926
149741301,926
143117389,924
147659303,922
147774513,922
123325854,921
150652814,921
148068335,920
150699393,920
146673721,920
148955064,919
137310959,919
107907804,919
147865769,918
147657213,916
151768473,915
149850694,915
149132971,914
149753829,910
150898542,910
120731631,910
147989061,908
148257217,908
151734014,908
141461396,907
144644647,906
147007430,906
152003309,906
149285671,902
142341093,902
151241797,900
151997773,900
145133742,900
151552449,900
141417586,900
141784845,900
145887352,900
149427570,900
148449832,900
144369695,899
151648928,896
132718256,895
123992718,894
151474914,893
146348269,890
151420470,890
148509684,890
143080010,890
151771246,888
151286379,888
149042747,886
146968006,884
149894204,882
148005764,882
150629811,880
148044551,879
148534646,878
151576277,876
149970077,872
144910501,871
151426741,870
143005867,870
125031829,870
149087045,866
139744309,865
150613073,863
140446273,863
151154145,863
145151432,861
142994003,861
140847338,860
144837390,860
151104609,859
142612736,858
150578655,858
142469353,857
142027208,851
146844741,850
151863272,850
151648355,850
150129550,850
148550959,850
148111225,850
148504826,843
151867360,842
149071476,842
151026447,840
151954935,840
147922144,838
149070481,837
141726063,833
146894081,833
151729719,830
151580641,830
149079510,830
147612208,828
151629642,828
139746210,827
151430078,826
149571738,826
130976180,826
147569161,826
146001297,826
149444039,824
151815870,823
151271665,822
146973368,822
147218179,821
147990859,821
136561684,821
150744008,820
151734129,818
144703100,816
141227426,816
151251192,814
149109909,814
151241730,814
149579119,812
149252649,810
151223120,810
146086762,809
151378388,809
151461241,808
151688055,806
149266774,804
147139376,802
141878212,802
151462526,801
150433674,801
151271177,800
150449567,800
149119330,800
151713978,800
117804391,800
149887020,800
151778100,800
150173143,797
151778052,796
143036688,794
151862745,792
147111942,792
132621241,790
147467582,790
150905829,788
148763637,787
150431885,786
146015634,786
149115649,784
142618543,782.7
143032018,782
144391857,782
141276995,780
145589942,780
122755413,780
151999512,780
151948385,778
151891400,778
151326507,774
147508016,774
150268155,773
136549667,772
151737734,771
151567207,770
149101493,770
151372837,770
151419729,769
131962445,766
148163088,766
150288729,766
151733928,761
140208463,760
151074193,760
150413371,760
115237925,760
151533464,759
126694608,759
148548170,757
151895334,756
148120197,756
147317383,756
151692422,756
145173242,755
139973372,754
151803645,754
151826935,753
148371851,752
146984634,752
144491599,752
151413655,750
148230615,750
151288847,750
151576811,750
149635730,750
151833419,750
151946343,750
147303047,750
150392862,748
151243532,748
145361268,748
151231415,743
107904225,742
145291336,742
151279236,742
118888609,740
151443025,740
151327212,740
149977925,740
149755339,738
145313001,738
118706470,737
148575368,737
107782621,734
151852156,731
141170172,731
133675425,730
146237484,730
145247870,730
141280917,730
146446978,725
147847778,722
151268351,721
149691878,720.1
150832140,720
151044041,720
139946479,719
149973902,718
151207526,716
151549196,712
107803140,710
145244589,710
141758040,710
150745558,710
151388784,710
147180645,710
148543143,710
151273613,710
151748968,708
151372202,706
148282172,706
149548997,706
151732033,706
146351993,706
150284561,702
145043159,702
149040038,702
143583332,701
149135495,701
140661262,700
149773342,700
148830928,700
145539425,700
147353864,700
141839299,700
149552088,700
147508820,700
150598526,700
151961697,700
145710934,700
146861921,700
149960318,700
144115485,700
151188220,700
143545858,700
124092687,700
145709985,700
146477529,698
151803619,698
151426100,696
141418759,696
139871590,696
150743588,696
151691014,696
150979192,694
149348216,694
122309431,693
148743755,693
107780182,692
151022151,692
151825569,691
147047336,690
149178257,689
151473949,689
122022158,687
108138466,686
147940963,686
143419750,686
148818359,685
150870357,683
149888317,683
151099505,683
135296753,683
138653798,682
129251493,681
151068100,680
109980699,680
144906075,680
147473698,680
150932049,679
148221991,679
150749231,678
145347086,678
145869843,678
151023360,677
144570968,676
141251759,676
145669443,676
151242667,675
147087325,675
129694515,674
149544308,671
147446186,670
147858308,669.4
149429108,669
147169832,667
151436838,666
146287864,666
146791174,665
149347649,665
150334787,664
147607993,662
148610540,662
151002456,660
149435513,660
147879804,660
151960044,660
133043922,660
148421280,660
151307704,660
149143367,660
148653985,658
151318270,656
145932310,656
148069795,654
145676416,652
145821606,652
150004189,651
138790828,651
151480525,650.7
151600278,650
147461204,650
146706414,650
149500459,650
151545317,650
140903202,650
107810256,650
143154132,650
144750500,650
148694249,649
107889991,649
150784462,648
145021013,648
149127769,646
132712195,644
151554357,644
108690715,641
146290064,640
151777889,640
146294002,640
141147674,640
151483023,639.7
149832957,639
151887080,637
146947704,637
151979164,636
150857988,636
142762583,635
129571739,634
151598501,632
151724332,631
150337527,630
151475008,630
147483121,630
150342726,630
151590962,630
151743205,630
151549433,630
151635089,630
151240630,628
150189244,626
150782934,625
151429400,623
150680980,623
127221926,622
126172655,622
150540604,622
146959853,621
148804458,620
151906315,618
124605696,618
151730088,616
150893813,616
145565586,616
108080854,616
151557823,616
151685149,615
144976545,615
134655922,614
133097624,613
131732508,612
150172838,612
107794875,612
151536285,612
146477338,610
146109647,610
148637426,610
146187836,610
148641479,609
145556277,608
149713856,606
139598725,606
108004698,606
141520935,605
144320872,605
151526042,602
120824547,602
146845625,602
151166663,602
151550352,602
143739901,601
151685756,601
145245083,601
150924868,600
151717026,600
151913729,600
151237289,600
149609357,600
141196072,600
151437508,600
149276071,600
151865600,600
151442837,600
151817067,600
147189506,600
151366300,600
148284698,600
151586908,600
130330056,600
152018454,600
151773004,600
150852342,600
148833192,600
148447290,600
145182605,600
146652294,600
136520934,600
148273503,600
108535282,600
142408062,600
151465649,600
128028238,600
151648115,600
149144583,599
151684221,597
149179058,597
150995663,597
151742543,597
143718623,596
151264701,596
108691598,595
149713199,594
151825456,592
127983566,592
151638925,592
151906379,591
151490277,590
144868655,590
148115101,590
151942879,590
142461924,590
151547489,588
125984208,588
148592577,588
150012756,586
147855404,586
151152488,586
151210134,584
148853193,583
150445860,581
151465314,580
149609193,580
147247019,580
151584968,579
146439508,578
146763874,577
150728259,577
151623957,576
142580773,576
151082562,576
140878539,575
131569015,574
147520552,574
150924189,573
146322665,573
150484770,572
151804196,572
151901091,571
151866635,570
144420676,570
108231739,570
122358006,570
151240926,570
144922228,570
149901263,568
147828899,567
150578240,567
150943626,567
134907168,567
146321592,566
150143409,566
147019737,565
151430994,564
147303854,564
145398223,563
132485137,563
122924482,562
151615788,562
150230416,562
151646804,562
151685751,561
145658294,561
139605577,560
149070480,560
151801363,560
151249344,560
108128720,560
151381587,560
149983788,560
151899322,558
149064347,558
145162281,557
151437984,556
150068465,556
150923661,556
143554526,554
108812624,554
108263947,552
149803743,552
137016438,552
151799447,552
133657083,552
132324447,552
149707856,552
118908497,552
110881212,552
129599848,552
136492743,551
146575622,551
151236699,550
151133767,550
107780136,550
151069928,550
152020701,550
148492650,550
107778899,550
151669138,550
142423671,550
151242700,550
150851480,549
150891190,548
136165260,548
148348540,546
151228275,546
142871780,546
149966871,545
149945539,544
148924452,544
140029233,543
147588781,542
147459920,542
149463271,541
140613839,540
129587008,540
145546630,538
151558831,538
138266877,536
118980359,536
151174597,536
151351619,535
149750039,535
147666305,534
140496615,534
151691308,533
151832671,532
123509950,532
151559687,531
151760720,531
142202758,530
151646994,530
147631668,530
147854080,530
147885113,530
147180434,530
137373615,530
149383347,530
149317843,530
108247187,530
150470869,530
151778319,530
151858018,530
108392764,530
144731659,530
133069507,530
149746978,530
151474322,530
143278012,530
151786976,529
130608216,528
143303078,528
149651901,528
150611722,527
151639038,527
150882915,526
151013793,526
108392799,526
151997887,526
151584909,526
144892676,526
150385168,524
147602612,523
151568490,522
151771964,522
120443835,521
147006254,520
148833395,520
149039759,520
151635995,520
135697596,520
150729916,520
148680751,520
149872850,520
151384347,518
145345320,518
151540142,517
123532818,515
151795697,514
147885631,512
146769032,512
151902010,512
148507305,511
133545672,511
143476033,511
151988445,510
143036567,510
150567762,510
151770490,510
151768973,510
144883338,509
142631977,508
151603234,508
151704371,507
144553653,507
148814003,506
151301586,506
138334782,506
149060212,503
139569322,502
149313959,502
149476526,502
148349825,501
150693844,500.7
146926749,500
142172611,500
149686753,500
108510089,500
148165141,500
145113916,500
141065783,500
140769730,500
148275408,500
147185886,500
141225011,500
151860692,500
139546063,500
148849588,500
140680557,500
147191497,500
144761928,500
150892695,500
118718674,500
150801603,500
150112884,500
151662954,500
137907083,500
123729504,500
149980487,500
118684311,500
148314306,500
151553944,500
151615012,500
148503600,500
147801108,500
150964041,500
108077993,500
151970425,500
151821499,500
126183643,500
139641197,500
107818045,500
148708299,500
145690191,500
141447388,500
107780165,500
107901371,500
108059759,499
148143002,498
149806465,497
151426155,496
120142918,496
147474375,496
150689366,496
149884487,494
142976944,494
145850671,493
151826012,493
149452530,492
141079237,492
147933320,492
151536309,492
150100325,491
149850782,491
148873694,490
147629868,490
148512151,490
147524945,490
150939230,488.7
145873956,488
151465094,487
151954747,486
134061216,486
110009780,486
146732712,486
151333795,486
151461727,485
151476349,485
148345902,485
149314907,484
118071716,483
145135794,482
126006874,482
146596223,482
132183242,482
127946401,481
129451236,481
140392448,481
121865919,480
108231737,480
148944539,480
143419914,480
134678066,480
150461052,480
151574368,480
145466019,480
151982608,479
118878084,478
148690442,478
151933995,476
151395923,476
151540289,476
145840146,476
150784122,476
151184599,476
140730885,475
149576668,473
135184638,472
141781451,472
142551296,472
149302172,471
151379381,470
151882736,470
148681383,470
147580512,470
150050356,469
148582975,469
151735626,468
148594819,468
142674008,468
150294405,466
145882688,464
149038811,464
150768673,464
142771734,463
149722171,462
148357092,462
147508321,462
150887287,461
151436770,460
151219471,460
147074941,460
151000880,460
151735349,460
151691533,460
148806875,460
149520987,459
151077547,459
145804070,458
139372060,458
125227329,457
149042812,456
150572591,456
150349422,456
118971649,455
149233016,454
151568399,454
150469675,451
147644251,451
151719650,450
151330926,450
142097843,450
107838833,450
151434057,450
151474725,450
147972304,450
151455921,450
140794870,450
151724350,450
146163185,450
147452201,450
151875269,450
144985585,450
142401086,450
148846689,449
149529607,449
145579077,449
151854206,449
148598851,448
143835744,446
145972208,446
148597182,446
147828310,446
145792049,446
132790363,445
108352757,444
146470469,444
149862878,443
148315372,442
149722728,442
151646388,442
129437254,442
151434259,440
149383787,440
149577527,440
147690656,440
147514054,440
151956177,440
146281956,440
151862319,440
150528137,440
151876474,440
147712969,439
148218488,438
146757294,438
151827511,436
151232067,436
150790048,436
147215884,435
145529501,435
141475686,435
147654677,433
150801415,433
150461405,432
132959366,432
123841746,432
151639537,431
148188282,430
124660809,430
148277281,430
142491879,430
143130640,430
147901127,430
151396285,430
144667780,430
151735880,430
151769184,429
150746960,429
128850491,429
148069067,428
151551163,428
151700615,428
140888845,428
150784217,427
151487527,424
142617537,424
151861060,423
151645226,422
149990662,422
147442044,421
145176607,421
149817825,421
151451914,421
146642701,420
140798334,420
151593756,420
148262839,420
137451188,420
151848325,420
108456522,420
150209883,420
151235430,420
151175663,418
148101157,418
149144735,417
151767472,417
148592797,416
150839604,416
151998689,416
148807054,416
150429065,416
148474686,416
151824186,416
149631544,415
149462016,415
111381354,414
132712891,414
132713227,414
135151133,414
150750537,413
148382977,413
147587006,412
147947836,412
144059339,412
151229289,412
136721181,412
148565304,411
148855827,411
143146102,411
147017301,410
121785236,410
150695991,410
110252070,410
149578084,410
149231430,410
150469856,410
140974593,410
149348313,410
132938924,410
148601281,410
148896103,410
144899518,410
132574606,409
148308613,408
151854641,408
149649965,406
151963438,406
151686979,405
151835119,403
128900164,402
150071860,402
146060998,402
151409865,402
127985284,402
137601341,402
151537959,400
140296020,400
111427083,400
150909499,400
150997570,400
151325481,400
143101243,400
151432928,400
147206062,400
151399326,400
118725674,400
147492308,400
147106738,400
147669882,400
146926001,400
127618966,400
148825372,400
127839259,400
150647782,400
110289979,400
150174241,400
149081055,400
145245005,400
148429862,400
151437993,400
150900674,400
147947436,400
151548928,400
151645820,400
147907125,400
147046842,400
144886230,400
149524877,400
151148639,400
103700670,400
146637912,400
151906440,400
151295454,400
151435429,400
151416818,399
147420673,399
151644805,398
151857916,398
150172663,398
151855511,398
147739057,398
151266775,397
151328391,397
141519527,396
150972810,396
151462221,396
151815306,396
151825717,396
132152441,395
151311992,395
151939436,395
147690116,395
146902346,394
151988397,392
148628278,392
150695343,392
126439418,392
148784943,390
122991701,390
113232629,390
138869399,390
148247209,390
147478155,390
123533312,389
151370912,388
151186014,388
149979210,388
151133326,388
150854542,387
151432906,387
151462970,386
120378211,386
151651440,384
151644068,384
151012536,384
151565271,383
150173693,382
151535474,382
141366372,382
111980257,382
147678674,382
147694634,382
148930799,382
151769869,382
144084678,380
108638061,380
148138402,380
108308803,380
110192404,380
149886020,380
126500759,380
117973757,380
146614981,380
147253309,380
144240277,380
149958134,379
151370672,379
150857062,379
149414432,378
145802544,377
151654314,376
150123935,376
151644591,376
108047248,375
145153403,375
148579431,375
151436369,374
150537145,374
119691930,373
151471461,373
141541361,373
150773607,373
150160929,373
142379772,372
148183704,372
150977456,372
107978775,371
148772582,371
147899833,371
107779327,370
146949417,370
151493031,370
151638932,370
110779761,370
151787703,370
136498280,369
128961459,369
107840438,368
151153919,368
132755843,368
151883022,368
146419471,367
145821209,366
150296248,366
151331384,365
150009077,365
140909389,365
143905587,364
145056367,364
143370624,364
146473804,364
149287516,364
150162798,363
110907225,362
148292869,362
108806899,362
119543975,361
128028181,361
151908880,360
150638298,360
147203504,360
151483267,360
145558509,360
135910117,360
144217658,360
112288483,360
151639380,359
151684365,359
148337680,358
147887479,358
142983206,358
144707287,358
147890984,357
151665731,357
148320913,356
148142502,356
151501483,354
151695501,354
123434073,353
150486127,353
151735597,352.1
148701494,352
151132585,352
136942057,352
151936742,352
151734683,352
151647364,351
151286661,351
148050710,350
146015728,350
143571432,350
151371991,350
151105571,350
147387854,350
118696161,350
151647411,350
145669272,350
136522801,350
148078478,350
107780835,350
134700690,350
149610365,350
151569537,350
149718521,350
148291143,350
148801321,350
147180254,350
107778940,350
117727692,349
148213642,349
151195155,349
150321748,348
141332345,348
151799311,347
135106385,347
145591469,347
142104536,347
146740261,346
147585971,346
132116955,346
151474705,346
151812280,346
134116113,345
151209580,344
147330429,344
148750041,344
146482660,344
148593536,344
142815147,342
151646234,342
146517694,341
151839334,340
139462778,340
150571238,340
151428957,340
149412970,340
148900188,340
150288561,340
149042352,340
145147276,340
148909259,340
150924210,338
151908874,338
151309704,338
148509303,338
146076711,338
150852733,338
142376328,338
151090102,337
150248239,336
151397775,336
145321122,336
151992015,335
141963279,334
149363861,334
107380602,334
147297827,333
148323941,333
147254253,333
150998107,332
151594458,332
148995580,332
148857667,332
151692679,332
151586508,331
148852629,330.7
151195506,330
149835238,330
140202784,330
151886216,330
139399264,330
151231330,330
151647427,330
151439512,330
110295987,330
145055632,330
110194086,330
108245520,330
151824159,330
151991919,330
146667165,330
149953335,330
126873885,330
151975946,329
145632596,329
110270145,328
150032765,328
146730329,328
149380807,328
149477615,328
143921627,326
145884795,326
118709003,326
143076972,326
146138831,326
151100606,325
122878973,324
150611874,324
151754226,324
151601647,322
147134277,322
135839455,321
139965887,320
139514647,320
107862337,320
151467277,320
147539975,320
151850880,320
109974797,320
151198993,318
118951368,318
149977044,318
132786270,317
150607611,317
141033779,316
148885052,316
151645377,316
149339301,316
130073991,316
151484330,315
150161397,314
129601623,314
147904037,314
141608670,313
147634586,313
122752089,312
147355973,312
151611836,312
140938673,312
151768358,312
151866562,312
146180480,311
151416471,311
151807970,310
150170530,310
151091805,310
151663184,310
133213247,310
151862925,310
110290378,310
111610184,310
149431641,310
142207721,310
146737496,310
132785462,310
123126294,310
127887862,309
151928978,309
151704565,309
129693792,308
145802433,308
149249530,308
150359966,308
146077488,307
151833468,307
150820829,306
149275892,306
134353135,306
149088889,306
135306673,306
145425429,306
145175751,306
147279089,306
141803722,306
150498256,306
151195479,306
142051718,306
151829050,305
107833065,305
149910131,305
146687744,305
107794341,304
140796281,304
147630350,304
148165691,304
151196295,304
149316614,303
148754293,303
151471615,302
151778469,302
133452043,302
130104716,302
122598920,302
108054053,302
147047181,302
126431678,301
151865841,301
141749907,301
152021712,300
150149661,300
151265254,300
149531803,300
110849736,300
151440841,300
148560247,300
151616289,300
151483898,300
151735353,300
136522722,300
146639986,300
144504166,300
108345606,300
151689963,300
152026824,300
151595584,300
147276580,300
151777367,300
146060431,300
123274695,300
108227595,300
151990795,300
145358234,300
152028667,300
140577455,300
148936812,300
151726282,300
148494516,300
150888533,300
152014612,300
108165228,300
150897909,300
147302814,300
148567201,300
146444277,300
148183823,300
151804303,300
151824933,300
151590931,300
151774085,300
150881926,300
148118450,300
148882338,300
124329921,300
151915986,300
135235945,300
121533742,300
151979965,300
147591457,300
148860733,300
148495919,300
150461695,300
148862446,300
148777728,300
146948117,300
148147445,300
151155376,300
151904643,300
151242577,300
151375693,300
147348185,300
151830155,300
151207541,300
150142620,300
144107078,300
140896005,300
143205755,300
147200674,300
140464276,300
146091289,300
150336825,300
150945965,300
108512097,300
148081279,300
151714301,300
150204848,299
151989171,299
150574621,299
151305073,298
151504023,298
151194861,298
151998419,298
144511134,297
148542232,296
151966700,296
117081542,296
151788461,296
151483780,296
138499867,296
147383085,295
141843433,295
108148020,294
148000631,294
149739902,293
151380077,292
148384911,292
107780256,290
147214650,290
151109244,290
131570988,290
145542006,290
146626337,290
131260680,290
150121022,290
146835039,290
151395869,290
151286605,290
151565567,288
145784149,288
137569963,288
144909116,288
149342423,287
150970386,287
147563203,286
149326461,286
146171673,286
150430626,286
151006902,286
148866467,286
142243700,286
151263369,286
150554948,286
147302866,286
126009527,285
149143434,285
151575516,284
128095835,284
145874725,282
151483369,282
148069812,281
151395721,280
142780397,280
148114535,280
143009032,280
135000506,280
110192257,280
147461249,280
141410922,280
147528089,280
122759054,280
150430614,280
131842047,280
149833684,280
146847001,280
108069415,280
150735352,280
151551837,280
119798794,280
150932839,279
142758654,279
118082981,279
151722096,279
151072153,278
148618536,278
119660488,278
107793805,277
118931098,277
151835202,277
111614373,276
151014909,276
130610087,276
149752149,276
134061357,276
110008050,276
129055570,276
144388266,276
119783787,275
151323817,275
151615549,274
117256347,274
148871201,274
149042786,274
148588305,274
142428562,273
151321180,273
132433464,273
148325968,272
146776063,272
129470048,272
144457690,272
148205390,272
137335515,271
148128139,270
148000822,270
149833686,270
146701917,270
148770840,270
149160685,270
148521251,270
151749654,270
145014289,270
131641694,270
150458692,270
151356425,269
140789279,269
151241055,268
136641637,268
151586187,268
108793926,267
150825094,266
151406920,266
128961562,266
123780622,266
148808411,266
146673340,266
150805484,266
148649078,266
151638937,265
151689065,265
147641164,264
148112405,264
144948464,263
143741387,263
151394321,263
149216452,262
151826007,262
146650843,262
151668763,262
149735050,262
151380616,261
151094217,261
149039516,261
151390105,260
151451884,260
151944664,260
148626868,260
147689407,260
145790527,260
145360425,260
132070848,260
151669690,260
147349036,260
150878582,260
140947941,260
150696081,260
151823725,260
141148452,260
148324365,260
151569411,259
107781444,259
149920237,259
149625767,258
151867202,258
151063028,258
143977598,258
149504967,258
144872281,258
151508011,258
144315993,256
147732542,256
151546922,256
149409196,256
150039902,256
151365542,256
151477279,256
150500977,256
148310565,256
152019523,256
148512099,256
144387221,255
145921636,255
143130038,255
148833396,255
132182175,254
141900632,252
151757661,252
151448317,252
146589709,251
108224365,251
110290355,250
145394827,250
110193778,250
151872556,250
109904887,250
146991194,250
151624984,250
151859655,250
151450773,250
144654292,250
149384235,250
141748499,250
150156240,250
151640242,250
149809922,250
151309308,250
144578450,250
144776952,250
151266998,250
139069188,250
147572606,250
150909073,250
151189299,250
145837541,250
145133462,250
150744411,250
107916845,250
150453252,250
146100180,250
149383628,250
151824699,250
146477795,250
119011156,250
139568645,250
149963623,250
149021887,250
109949053,250
140344205,250
148784599,249
150836957,249
147900199,249
151249013,249
151667473,249
146666117,248
145658307,248
149828540,248
108236621,248
149518292,248
145995503,247
145650166,247
149788709,247
151233103,247
149260238,246
142713938,246
107934189,246
151627142,246
148594309,246
149510876,246
150937822,245
151669645,244
147430272,244
125148010,244
151685904,243
146967361,243
141056114,243
142447943,242
150884207,242
130080109,242
108206231,242
108367390,242
133378993,242
149306876,242
149220523,242
152008995,241
150387372,241
151614719,241
151710085,241
151428177,240
140720971,240
151174850,240
118864272,240
118855303,240
149620479,240
151820783,240
150845790,240
151991467,240
151835564,240
151787866,240
151002320,240
151990052,240
147237452,240
150064108,240
118721823,240
143453183,240
148603784,240
130196330,240
149657377,240
151398861,240
151483104,238.7
141757831,238
148118918,238
150340946,238
124298039,238
145047377,237
149998335,237
151644812,236
146058257,236
133760379,236
151854538,236
123366682,236
151731879,236
151193391,236
151237921,236
149751989,236
151007009,236
150207299,234
151243224,234
146757426,234
135581254,234
151429464,232
147429974,232
150045010,232
145359726,232
149765741,231
147685364,231
129467990,231
144710067,231
150578687,231
133577927,231
150162531,230
142771169,230
151827087,230
150632266,230
148653242,230
147626991,230
141133860,230
136795655,230
151428812,230
147483162,230
141786954,230
149517197,230
151652013,230
146487001,230
146412341,230
149974510,230
150963876,230
108771362,230
125894857,230
145893966,230
151482237,230
146064921,230
151199112,230
148804108,230
141171436,230
139630193,230
150935271,230
152030644,230
148742916,230
151588046,230
151886115,230
150448645,230
121353232,229
148619118,229
151644838,228.7
128042028,228
151864657,228
125026189,228
134455404,228
126687606,228
124254373,228
150815360,228
134211408,228
126488826,228
126939980,228
151803374,228
132266576,228
151992372,228
149375755,227
151826716,227
126001530,227
150462770,226
148292054,226
150848944,226
123537336,226
147227808,226
144888172,226
151418673,226
148617614,226
151551836,226
151709639,225
118853090,225
147627244,224
151330936,224
147601273,224
149142023,224
145286950,222
145332562,222
150311249,222
151991968,222
138859124,222
148327808,222
151447435,222
151440715,222
150093515,222
134357853,222
151870352,221
149393654,221
134759357,221
146283897,221
131660368,220
151690996,220
149735105,220
143319788,220
149517446,220
151656793,220
140084853,220
149672807,220
124439512,220
148791485,220
151488669,220
143590503,220
146081288,220
143826570,220
150880325,220
151396054,220
147171527,220
151676987,220
108008259,219
148357769,219
108524387,219
151393893,218
151483284,218
151531243,218
151890620,218
151464378,218
150672799,218
108777796,218
148549657,217
108074465,216
107904610,216
151434714,216
140636463,216
147311233,216
151224742,216
108298208,216
151684517,216
122808607,216
147901672,215
150105159,215
145396072,215
147460346,215
147080512,215
151573048,214.7
151407862,214
151263731,214
151866306,214
151826118,214
151359866,213.4
150483512,213
151638852,212.7
129975924,212
151396233,212
126777152,212
151396526,212
147652200,212
126314366,212
136840621,212
125213435,212
151552136,212
151613289,212
151013927,212
150536891,212
147798260,212
107803318,211
151690669,211
150095860,211
108807767,210
151851732,210
146345298,210
139826755,210
151166457,210
142750947,210
147211165,210
145618546,210
151947648,210
148093376,210
148373375,210
150935156,210
148966244,210
148523215,210
151890190,210
145974078,210
151480816,210
150439058,210
145100970,210
151988459,210
145779069,210
151513219,210
150230612,210
151392303,210
151640264,210
113172103,210
125089320,210
151589787,210
149322232,210
125300586,210
149745342,210
143580366,210
147370677,210
151479241,209
151170559,209
151188339,209
151374084,209
117399107,209
134956857,209
151394454,209
127897517,209
145914975,208
126274480,208
131254507,208
126431767,208
148114991,208
151395708,208
147246699,208
143036839,208
126642226,208
151613685,207
120793816,207
147628634,207
108126797,207
110295958,206
151103950,206
141599552,206
151963140,206
151190105,206
109920181,206
141287626,206
150446896,206
146751301,206
147609219,206
118160665,206
151611627,206
146739512,206
149185180,206
119485874,206
132731763,206
151824650,206
108209222,206
134642235,206
151787796,206
147204619,206
147866300,206
151415831,206
149752546,206
141823600,206
133002607,206
150853367,206
150854169,206
117975741,206
148685290,206
151397433,206
151286756,205
151393147,204
147884325,204
148779138,204
151847463,204
151396053,204
151898774,203
139801514,203
150375474,203
148735694,202
147520606,202
151093113,202
133641012,202
151277825,202
148893206,202
150659672,202
151772651,202
151651576,202
149071880,202
145174078,201
146852437,201
147447325,201
151738719,201
151153524,201
109936440,201
124317074,201
151787109,200
136718659,200
145115568,200
145844245,200
147376906,200
151758127,200
137308968,200
147961932,200
149677515,200
151816759,200
144377931,200
150493319,200
149973140,200
149075135,200
145723645,200
150545436,200
129521912,200
149515931,200
134052257,200
122184168,200
151819792,200
151110263,200
148925523,200
129241348,200
151828676,200
146999373,200
150374743,200
146115218,200
151774968,200
151772292,200
146356625,200
151468248,200
150549018,200
151203735,200
142625655,200
151687187,200
145126896,200
150164703,200
151484443,200
141244140,200
140892704,200
147314240,200
151870600,200
148148476,200
151763164,200
151204037,200
150993388,200
151411031,200
151825620,200
147376665,200
150899341,200
148913957,200
150867688,200
151788289,200
140816798,200
149303406,200
149305429,200
146400251,200
151777580,200
149611448,200
151192283,200
151777363,200
150801625,200
138258093,200
140624196,200
108512893,200
148549268,200
146952863,200
139943170,200
150290309,200
150165942,200
145011212,200
150695378,200
149699207,200
147655857,200
141053378,200
143602373,200
148752410,200
124401830,200
145624605,200
150493212,200
147898737,200
151958996,200
149609755,200
147075857,200
151972392,200
149797392,200
136523897,200
149747044,200
151395757,200
147385711,200
142316542,200
147486452,200
144388788,200
151735545,200
151547687,200
151250622,200
118122455,200
150554846,200
151739077,200
141296848,200
151979727,200
149297052,200
150421413,200
145973447,200
151065629,200
120135473,200
151938781,200
151860483,200
118684262,200
147461208,200
118962383,200
151528554,200
108367744,200
147481497,200
149941206,200
120357805,200
150695329,200
149621049,200
151105324,200
151371990,200
152021730,200
118222485,200
149477200,200
111002290,200
135209320,200
149387679,200
136349853,200
127352540,200
107800293,200
149424876,200
150005308,200
151592379,200
124548267,200
124896425,200
141765404,200
112501502,200
119386244,200
125075928,200
143718307,200
151992114,200
145193747,200
147026316,200
151041844,200
150935117,200
148325984,200
146424005,200
151649855,200
143585891,200
151251573,200
124817210,200
144463295,200
150328440,200
120934448,200
149896215,200
149587340,200
150897235,200
149218862,200
143080081,200
138880377,200
151512694,200
149463762,200
152007786,200
149836322,200
149463304,200
148287593,200
149085766,200
151911227,200
136708790,200
151127327,200
138290525,200
147141133,200
141897427,200
146850012,200
141295286,200
148654179,200
149445448,200
108667695,200
150009319,200
143022673,200
152023062,200
108291875,200
145373398,200
151048573,200
131541227,199
107795032,199
151394714,199
151485115,198.1
147515087,198
151439228,198
147595357,198
146338220,198
150886214,198
107780783,198
151985637,198
130349433,198
151992388,198
151715574,198
150844309,198
135753306,198
151524341,197
131407680,197
146726298,197
147863930,197
148607511,196
143373015,196
151375914,196
148482566,196
141147074,196
150063054,196
148350871,196
147537778,195
151262474,195
149821329,195
151998373,195
119640672,194
151780012,194
148604919,194
151015013,194
145259521,194
145273371,192
143519800,192
147484112,192
142616751,192
141226083,192
144003782,191
145015600,191
151384572,190
147143799,190
149244726,190
148852835,190
150699371,190
145434809,190
140598725,190
145611521,190
147133535,190
150736266,190
148901052,190
147599411,190
150634282,190
151770893,190
146957312,190
132324802,190
150169826,190
150125340,190
146703452,190
148774259,190
120505080,189
151968556,189
147203038,188
150819881,188
151184060,188
144972531,188
146911007,188
107808977,188
151846254,188
147081661,188
149407539,188
148699503,188
144638952,188
145565041,188
151488141,188
146899908,188
151386090,186
148782069,186
151639878,186
150387663,186
150311775,186
138717578,186
149351668,186
150607049,186
151695158,186
149924461,186
150341441,186
151481802,186
151915195,186
151655201,186
150478664,186
150403469,186
145612021,185
151222856,184.7
110816226,184
151545836,184
148471184,184
151188097,184
149427657,183
150020278,183
107811008,182
147476016,182
150660094,182
151713898,182
133414661,182
149438168,182
146091582,182
139014645,181
151544621,181
148728559,180
149745590,180
149220280,180
151395803,180
152028774,180
147089160,180
140558372,180
151322241,180
119271039,180
145194749,180
146110440,180
152017850,180
147569143,180
147397821,180
146939811,180
144635451,180
151913931,180
141229733,180
144962770,180
147717955,180
149374480,180
148833124,180
148339315,180
148561063,180
126234782,180
148846970,180
148548412,179
150256927,179
146778013,179
151045336,179
134342019,178
149529642,178
150787671,178
146610547,178
148190049,178
142640601,178
144085464,178
141740070,178
140726456,177
129342841,177
149799893,176
151902117,176
149887770,176
148280761,176
151285321,176
150431140,176
151729356,176
151463242,176
146018482,175
150173234,175
107782622,175
149851464,174
148508796,174
145379838,174
150897237,174
148541684,174
136640717,174
138140442,174
146349951,174
151488877,173
108044250,173
149395215,172
137664374,172
151496399,172
151451735,172
129246608,172
150337080,172
151650568,172
128674040,172
149037386,172
119423550,172
128613308,172
108692318,172
151774813,172
147043084,172
151586893,171
147922278,171
108147137,170
130196770,170
151964782,170
142056239,170
118768489,170
151272876,170
151304952,170
135389347,170
150566126,170
144868913,170
145093527,170
151670694,170
149972110,170
142930270,170
141489798,170
134137557,170
147083958,170
150884492,170
134404878,169
150695393,169
140698009,168
142622965,168
151533459,168
151094485,168
142010050,168
151632901,168
133665012,168
148632282,167
151936820,167
108353701,166
146048458,166
148304881,166
151604952,166
151637691,166
150598210,166
107784330,166
145708157,166
123096193,166
121335728,166
148325727,166
147086827,165
142430255,165
108284945,165
149125403,165
108512224,165
151636103,165
149637547,164
151439546,164
151147968,164
151593056,164
148306518,164
151814172,164
151705145,164
148358315,164
151579893,163
142097572,163
150541210,163
151134871,162
144952143,162
138379635,162
135713399,162
151855033,162
149346086,162
151547808,162
140263290,162
141046750,162
151828065,161
150284324,161
150896522,161
151843877,161
151841837,160
149514980,160
151396497,160
132988269,160
149775563,160
148704916,160
142403407,160
151315439,160
146590269,160
144499345,160
149028490,160
110192334,160
118755732,160
147575198,160
147572669,160
108379893,160
149012630,160
128317619,160
140971997,160
151419386,160
143840143,160
145101083,160
126500824,160
139936761,160
151772417,160
151675780,160
150040827,160
149821327,159
146383789,158.7
147846829,158
151430393,158
146704228,158
145307641,158
150644933,158
148553506,158
130855385,157
148081190,157
108090622,157
107883484,157
151482103,157
146436134,156
147823009,156
148785404,156
146916281,156
139514750,156
149467670,156
108186797,156
151520769,156
148535104,156
148114628,156
133953199,156
151987545,156
151154426,156
141780291,156
151968035,156
118717600,156
149689193,156
151587143,155
151970201,155
151518646,154
151077248,153
149678609,153
134915679,153
113534763,153
141733317,153
151433344,152
147462158,152
149899802,152
151538533,152
151807440,152
151575515,152
151749750,151
143041135,151
149749947,150.7
151394509,150.7
107781586,150
128009152,150
150793598,150
151281055,150
135745226,150
144902286,150
151679569,150
151519021,150
147306221,150
108353782,150
107817181,150
149506318,150
151723996,150
146445538,150
151824184,150
143130684,150
146023300,150
141825482,150
120337095,150
151852623,150
141148203,150
147793804,150
151895365,150
146384684,150
148507441,150
146981809,150
149704463,150
148410844,150
151691441,150
139978566,150
143306319,150
121373250,150
124687451,150
142310263,150
145710556,150
138818251,150
150850104,150
148699285,150
138365483,150
132396385,150
148977352,150
118693633,150
149377872,150
122867834,150
148337535,150
108132892,150
120472757,150
139860793,150
107803290,150
145588484,150
136021004,150
148053225,150
151396936,150
149694725,150
107933648,150
143050379,150
146612283,150
150202710,150
146139012,150
110487562,149
149262158,149
145572754,148
145104907,148
148542285,148
149815933,148
150917059,148
138487943,148
150845996,148
140924776,148
148511441,148
151103930,147.5
118768338,147
148325457,147
150194528,147
146434746,147
133474720,147
108810548,147
151440927,146
143516414,146
149563605,146
151141469,146
151569957,146
151644911,146
146037566,146
145938205,146
150359832,146
147681810,146
142407790,146
151690749,146
132919907,146
148339801,146
150531884,146
149577428,146
142267086,146
125158374,146
151609990,145
149657980,145
127059099,144
140625641,144
151709852,144
151436033,144
151897493,142
148623631,142
116218530,142
151808891,142
107780155,142
119533493,142
150537453,142
110978144,142
150386300,142
151484193,142
143095770,142
130536873,141
146671330,141
122397682,141
143145948,141
151611229,141
146322762,141
145700517,141
143157875,141
107783799,140
151154005,140
149170620,140
150880749,140
113723057,140
108506211,140
142177747,140
149728699,140
148595776,140
148054039,140
151861599,140
151522633,140
150485920,140
108479932,140
151823113,140
109884317,140
146627213,140
149102400,140
108136174,140
147885140,140
132721912,140
113366798,140
151482303,140
147606878,140
151729435,140
148861913,140
148752566,140
151287071,140
150506121,140
151547285,140
146135225,140
151855313,139
151351256,139
151644918,139
150639181,139
148833962,138
151285878,138
111407450,138
132921295,138
119977076,138
113232672,138
134551552,138
148699043,138
134454439,138
151893914,138
119233603,138
129599476,138
131112953,138
146929880,138
116522055,138
135097709,138
148749133,138
132127870,138
151517197,137
149089954,137
151163722,136
151776127,136
151478734,136
130208382,136
150432925,136
151176929,136
128900480,136
118224745,136
151394544,136
148085913,136
112502162,136
148944583,136
148815561,136
110816218,136
144698253,136
108088307,136
150830224,136
120509253,136
107934271,136
136764068,136
145879089,136
148648072,136
107847746,135
151894038,135
151473439,135
151690603,135
148045359,135
151983698,135
151436509,135
123538092,135
140325403,134
140777098,133
151418430,133
146160973,133
147971127,133
148463244,133
113332462,133
140589285,133
118971470,132
128939574,132
148369102,132
134060939,132
150933756,132
148383084,132
149787464,132
149314545,132
150852181,132
151606341,132
146589831,132
149633781,132
108567766,132
151382139,132
147028576,132
128629712,132
151239308,131
134444104,131
143156831,131
143144174,131
149670516,131
141919207,131
150389530,130
151775588,130
142471880,130
147881123,130
151538705,130
150963341,130
144629230,130
151130947,130
150463992,130
108362376,130
144781662,130
149072226,130
142486136,130
151393347,130
134065430,130
147911156,130
147172719,130
145050986,130
151397196,130
145564078,130
120247377,130
131669564,130
151861900,130
151633831,130
143115827,130
146675660,130
146438955,130
151865525,130
151635885,130
150334773,130
148811710,130
151239751,130
150912203,130
146536501,130
151413452,130
148819432,130
132201826,130
145233561,130
146747313,130
149034054,130
146429794,130
146865443,130
118311034,130
150695780,130
120132704,130
142355980,130
108340080,130
151058887,130
133283473,130
132974089,130
149758346,130
107908742,130
107781311,130
108281524,130
148537629,130
150841984,130
151884347,130
150453975,130
148642915,130
151872369,130
143112083,130
150935207,130
143902744,130
151829181,130
151744042,130
145103388,130
151822674,130
150614458,130
151690963,130
147483270,130
150447128,130
149463767,130
148682033,130
151813084,129
151779740,129
108417623,129
149711554,128
149328202,128
139319139,128
131848475,128
151154448,128
151454923,128
151732475,128
150297325,127
148207807,127
142054717,126
151381474,126
151589330,126
151458913,126
146432887,126
143656534,126
151239330,126
112466418,126
108086557,126
149966299,126
151533345,126
150938748,126
148505641,126
151160274,126
151890445,126
149129022,126
151394368,126
130744014,126
107913657,126
107783798,126
148377204,126
149625484,126
139338535,126
148518140,126
149070430,126
151398541,126
150441539,126
150606544,126
150342906,126
126788680,126
119043621,125
108160561,125
108148097,125
125070691,125
139266840,124
149673819,124
108406823,124
147487287,124
151865911,124
108762991,124
151631409,123
151823906,122.7
151574364,122
141170320,122
151933745,122
150996990,122
151557182,122
149889735,122
107781309,122
142011356,122
150134869,122
151483556,122
151522317,122
150700375,122
149992517,122
146902558,121
146813725,121
151285599,121
146498515,121
145350968,121
149078342,121
150293009,120
151223481,120
125773245,120
151615696,120
147749399,120
143033308,120
151638374,120
148110103,120
145624694,120
107876899,120
151849729,120
136731328,120
123190744,120
151691268,120
149773236,120
145508867,120
151510868,120
123230281,120
148148858,120
146067745,120
151268968,120
151896402,120
151775267,120
151947453,120
150447753,120
140610201,120
146107764,120
147001340,120
142346650,120
147596322,120
150076196,120
149002925,120
151645867,120
131824435,120
148570614,120
150668714,120
151759322,120
141636323,120
148981785,120
127261941,120
139137329,120
138202732,120
134538637,120
147882478,120
148189873,120
124833477,120
150248606,120
144077122,120
126500218,120
148582301,120
147041232,120
119521113,119
151691782,119
151022302,118
147601262,118
120003500,118
151672474,118
151517338,118
151429785,118
129333369,118
150504949,118
108393085,118
108778984,117
107845065,117
151510057,117
152022719,116
108088334,116
148393861,116
151511830,116
139720396,116
146985257,116
139705394,116
150393123,116
139270086,116
140855068,116
151170764,116
148758402,116
151807296,116
146896317,116
151773698,116
151958198,116
117874162,116
146928481,116
152022630,116
151776963,115
151885078,115
141739449,115
108771196,115
151355688,115
146028383,114
136778871,114
134026697,114
146068676,114
145155125,114
146739286,114
151855265,114
119411354,114
145764563,114
151082887,114
107904254,114
141316118,114
150183783,114
151378947,114
149577160,113
151681261,113
148083233,113
151482725,112.7
148180451,112
151672451,112
151663161,112
151759144,112
147908819,112
150543510,112
151688741,112
151398340,112
145677942,112
151786785,112
151395709,112
149178491,112
149145171,112
151610719,112
151997736,112
151197528,112
106329968,112
149215079,112
151916718,112
149708787,112
151425027,112
121701103,111
151847776,111
107779053,111
107892943,111
143336733,111
143914373,111
151655600,111
145251463,111
151646151,110.7
143072479,110
151807272,110
141763944,110
148575980,110
151734808,110
151443928,110
150905060,110
148735076,110
152029585,110
149592065,110
150433628,110
151625116,110
151439122,110
151761312,110
129936303,110
143975682,110
149551007,110
144005892,110
151598365,110
151614207,110
148546498,110
151908873,110
151623174,110
141289014,110
124511722,110
149464700,110
121617973,110
150840069,110
151627249,110
150148440,110
151852975,110
151154537,110
151827870,110
151589852,110
146000594,110
151759062,110
107796426,110
151823619,109
151827253,109
151627074,109
122875343,109
144252900,109
151691103,109
129071763,109
130488477,109
151774396,109
151992783,109
151811691,109
151114421,108.7
110258051,108
151580851,108
142608475,108
145364958,108
127718304,108
146831931,108
142766603,108
148666830,108
145099029,108
142385895,108
108642551,108
151414942,108
146929084,108
151386461,107
151327423,107
118789245,107
147806739,107
121067151,107
151766598,107
146752280,107
141626658,107
151187261,107
118715309,106
143979421,106
151175102,106
146509054,106
151768902,106
150296224,106
146538705,106
118130361,106
151866567,106
151729417,106
150809635,106
146917174,106
132076912,106
145705465,106
151593485,106
148533936,106
151953651,106
149746717,106
150615780,106
144687227,106
151385471,106
146163242,106
151809501,106
149384052,106
151866174,106
150259697,106
151920929,106
151100796,106
108664505,106
147584380,106
148302811,106
146946436,106
147445325,106
150564972,106
149696776,105
142866741,105
150375635,105
151826358,105
151776348,105
151872727,105
144687456,104
151929088,104
151176762,104
151612903,104
147700429,103
151229798,103
151724806,102
107799669,102
119669114,102
151741046,102
119430120,102
151477383,102
151709334,102
121564480,102
151458788,102
151571719,102
149632275,102
149953516,102
107673369,102
151590910,102
146883631,102
150138416,102
151932401,102
151720816,102
134320312,102
108376132,101
140615137,101
132569421,101
141451430,101
132117360,101
150051388,101
132181131,101
145568364,101
132066567,100
149806040,100
147271144,100
149216360,100
151679809,100
151964112,100
107799569,100
151635657,100
151748831,100
121534457,100
149775218,100
150571473,100
121908605,100
146437257,100
152007296,100
151419078,100
151637377,100
148796558,100
146837030,100
150515147,100
107932505,100
148744154,100
138305812,100
148833705,100
147753570,100
149837885,100
148948377,100
139616749,100
149716047,100
151637584,100
151777443,100
151315586,100
143711155,100
151775334,100
145965823,100
151826820,100
147481889,100
134339867,100
151892163,100
148428571,100
142321907,100
108772618,100
151131038,100
126628587,100
147539012,100
151820289,100
147447597,100
113616259,100
142706935,100
151677932,100
151556539,100
143346110,100
151235424,100
145005890,100
107780269,100
145144887,100
150399982,100
151967201,100
147972309,100
147509338,100
118863944,100
137625835,100
151363669,100
108032162,100
148685489,100
148832171,100
146289043,100
142702741,100
107874127,100
150994762,100
141344859,100
108077219,100
149671014,100
149499359,100
151094714,100
150200220,100
140569683,100
143119192,100
151316670,100
151816328,100
144937571,100
152029056,100
141623897,100
147496458,100
145471090,100
120402441,100
151691122,100
145316586,100
148775365,100
108607727,100
151901923,100
151181497,100
147652749,100
145143849,100
151699764,100
148524394,100
142409865,100
151810379,100
108510876,100
147954231,100
107834801,100
151928105,100
146196019,100
149667842,100
150913644,100
151698292,100
143434452,100
151787408,100
152030783,100
143063103,100
151694552,100
150869310,100
151395256,100
142285006,100
151919112,100
150609061,100
150290730,100
148453182,100
148524795,100
151633233,100
151825172,100
151100398,100
146337585,100
108086443,100
108349031,100
145543936,100
151728131,100
151665880,100
151396479,100
142512502,100
118160715,100
151932324,100
148231287,100
151836147,100
140913083,100
150201495,100
148383760,100
151032700,100
107779002,100
149717017,100
150365812,100
107799889,100
150675036,100
151631096,100
150396434,100
151958040,100
151996116,100
107934988,100
146707416,100
140600569,100
150897467,100
151099620,100
119342914,100
139786314,100
149426640,100
151830872,100
119140069,100
108768284,100
144285350,100
147793989,100
109884183,100
151427310,100
147189761,100
142066313,100
111540196,100
151812447,100
122514723,100
144891645,100
152019449,100
140182595,100
151774639,100
151759207,100
142915507,100
151735042,100
149212435,100
151393506,100
141928548,100
140082005,100
130699675,100
107781605,100
150118858,100
150533400,100
150040788,100
144521691,100
150630110,100
148735446,100
140732349,100
150573346,100
148917270,100
149621964,100
149250495,100
151480460,100
150616683,100
151444148,100
140542446,100
147170023,100
151468695,100
151804417,100
148627472,100
151037747,100
146551037,100
139160192,100
151456238,100
129817087,100
147590949,100
149120067,100
145388121,100
149218717,100
151434976,100
138355625,100
132613987,100
147356605,100
151242932,100
150933587,100
143104467,100
149749065,100
151843831,100
148180827,100
151861098,100
110816205,100
151811262,100
150909626,100
140592767,100
151400568,100
151637126,100
122207408,100
151488893,100
151755804,100
150219046,100
145226699,100
141335724,100
151584474,100
150298025,100
151387844,100
147718811,100
146101750,100
149048548,100
146012476,100
151219828,100
151766456,100
151732323,100
151921360,100
150944386,100
118687360,100
151728756,100
149348057,100
151421486,100
151239108,100
145001361,100
151871146,100
136273590,100
145584790,100
150708794,100
145369349,100
148512254,100
129250460,100
150858629,100
143657655,100
138061717,100
151530402,100
108142382,100
150650437,100
144567352,100
149793576,100
108622608,100
152019705,100
151774190,100
135876325,100
151743714,100
151639493,100
148364981,100
147849370,100
144745055,100
151438366,100
